{
  "Brazlândia": [
    -15.6808898,
    -48.1942621
  ],
  "Ceilândia": [
    -15.8173391,
    -48.1045766
  ],
  "Gama": [
    -16.0170857,
    -48.0653054
  ],
  "Guará": [
    -15.8235629,
    -47.9768165
  ],
  "Núcleo Bandeirante": [
    -15.8711851,
    -47.9679941
  ],
  "Paranoá": [
    -15.77544,
    -47.7797631
  ],
  "Planaltina": [
    -15.6181947,
    -47.6555703
  ],
  "Plano Piloto": [
    -15.79523,
    -47.88288
  ],
  "Recanto das Emas": [
    -15.9025481,
    -48.0607778
  ],
  "Samambaia": [
    -15.8769989,
    -48.0881004
  ],
  "Santa Maria": [
    -16.0171229,
    -48.0131328
  ],
  "Sobradinho": [
    -15.6500533,
    -47.7848449
  ],
  "São Sebastião": [
    -15.9033774,
    -47.7717736
  ],
  "Taguatinga": [
    -15.8335277,
    -48.0565716
  ]
}