{
  "Afeca": [
    [
      -15.9033774,
      -47.7717736
    ]
  ],
  "Agrifam": [
    [
      -15.8335277,
      -48.0565716
    ],
    [
      -16.0170857,
      -48.0653054
    ],
    [
      -16.0171229,
      -48.0131328
    ]
  ],
  "Amista": [
    [
      -16.0171229,
      -48.0131328
    ]
  ],
  "Aspaf": [
    [
      -15.8235629,
      -47.9768165
    ],
    [
      -15.8711851,
      -47.9679941
    ],
    [
      -15.7183687,
      -47.9950273
    ]
  ],
  "AsSpag": [
    [
      -15.6808898,
      -48.1942621
    ]
  ],
  "Asphor": [
    [
      -16.0170857,
      -48.0653054
    ],
    [
      -16.0171229,
      -48.0131328
    ],
    [
      -15.7183687,
      -47.9950273
    ]
  ],
  "Asproc": [
    [
      -15.8173391,
      -48.1045766
    ],
    [
      -15.9025481,
      -48.0607778
    ],
    [
      -15.8769989,
      -48.0881004
    ],
    [
      -15.77544,
      -47.7797631
    ],
    [
      -15.6181947,
      -47.6555703
    ]
  ],
  "Aspronte": [
    [
      -15.8173391,
      -48.1045766
    ],
    [
      -15.9025481,
      -48.0607778
    ]
  ],
  "Astraf": [
    [
      -15.8235629,
      -47.9768165
    ]
  ],
  "Coopbrasil": [
    [
      -16.0170857,
      -48.0653054
    ],
    [
      -15.9025481,
      -48.0607778
    ],
    [
      -15.8769989,
      -48.0881004
    ],
    [
      -15.8711851,
      -47.9679941
    ],
    [
      -15.6181947,
      -47.6555703
    ],
    [
      -15.6808898,
      -48.1942621
    ],
    [
      -15.8173391,
      -48.1045766
    ]
  ],
  "Cooper-Horti": [
    [
      -15.77544,
      -47.7797631
    ]
  ],
  "Prorural": [
    [
      -15.7183687,
      -47.9950273
    ],
    [
      -15.77544,
      -47.7797631
    ]
  ],
  "Coopebraz": [
    [
      -15.6808898,
      -48.1942621
    ],
    [
      -15.8335277,
      -48.0565716
    ],
    [
      -15.8769989,
      -48.0881004
    ],
    [
      -15.9025481,
      -48.0607778
    ]
  ],
  "Cooper-mista": [
    [
      -15.6181947,
      -47.6555703
    ]
  ],
  "Rede Terra": [
    [
      -16.0171229,
      -48.0131328
    ]
  ],
  "Cootaquara": [
    [
      -15.8173391,
      -48.1045766
    ]
  ],
  "Cooperbrasília": [
    [
      -15.6500533,
      -47.7848449
    ],
    [
      -15.9033774,
      -47.7717736
    ]
  ]
}